AHI,AHI4,AHI3,Fhypopneas,Fhypopneas4,FcentralAHI,FcentralAHI4,FcentralormixedAHI,FcentralormixedAHI4,FN1,FN2,FN3,FREM,TST,AHISupine3pa,AHISupine3,AHISupine4,HBtotal,HBtotal4,HBrem,HBrem4,HBsup,HBsup4,HBnrem,HBnrem4,EventDurationMean,EventDurationMean4,EventDurationMeannrem,EventDurationMean4nrem,EventDurationMeanrem,EventDurationMean4rem,Farousal,Farousal4,DesatMean,DesatMean4,DesatMeanBaseline,DesatMeanBaseline4,FhypopneasUnknownDesat,FahiUnknownDesat,AHInrem,AHI4nrem,AHIrem,AHI4rem,AHIremnrembalance,AHI4remnrembalance,Flateral,ArI,ArInrem,ArIrem,ArInAASM,ArInremnAASM,ArIremnAASM,ArInt_Med,ArIntOr_Med,ArStrength_Med,WStrength_Med,ArDuration_Med,ArInt_Mean,ArIntOr_Mean,ArStrength_Mean,WStrength_Mean,ArDuration_Mean,ArI_All,ArI_ArStrengthOver50p,ArI_ArStrengthOver75p,ArI_ArStrengthOver95p,ArI_ArStrengthOver99p,ArI_ArStrengthOver99p9,ArI_ArIOrOver1,ArI_ArIOrOver2,ArI_ArIOrOver3,ArI_ArIOrOver4,ArI_ArIOrOver5,ArI_ArIOrOver6,ArI_ArIOrOver7,WSacc,WSaccPred,ReraIndex,ODI3,ODI4,SpO2mean,SpO2meanwake,SpO2nadir,T90,SleepOnsetTime,FirstScoredWake,WASO,Nawakenings
67.6877761413844,65.7437407952872,66.8041237113402,0.14621409921671,0.120967741935484,0,0,0,0,0.189985272459499,0.746686303387334,0,0.0633284241531664,339.5,61.3866026800237,58.5533748640226,60.4421934080233,186.775405007364,185.104565537555,51.7093023255814,49.6976744186047,169.124025422099,166.578055426331,195.907232704403,194.259433962264,17.163556611399,17.2860903101605,17.2017958666667,17.3220969589042,15.9797245,15.4247054285713,0.196891191709845,0.192513368983957,8.72020725388601,8.92513368983957,93.8937823834197,93.9465240641711,0,0,70.7547169811321,68.8679245283019,22.3255813953488,19.5348837209302,-0.520294159241974,-0.5580483446667,0.438599901816397,14.4918998527246,13.9622641509434,22.3255813953488,14.4918998527246,13.9622641509434,22.3255813953488,NaN,NaN,4.12131147052105,3.49484655674744,12.4840000000004,NaN,NaN,7.13629709590788,6.3312263197409,36.7398048780488,14.4918998527246,13.9617083946981,12.1944035346097,8.83652430044183,6.89248895434462,4.24153166421208,NaN,NaN,NaN,NaN,NaN,NaN,NaN,0.66734693877551,0.792333331205454,0,78.6450662739323,73.6966126656848,90.9923707412862,93.9550168172631,77,26.093942071674,240,0,81,46
